fine_label,coarse_label,n_samples,mean_cosine_distance,var_cosine_distance,std_cosine_distance,min_cosine_distance,max_cosine_distance
complementary--accident-area--g3,complementary,12,0.20439769327640533,0.009193391539156437,0.09588217735290527,0.0928688645362854,0.43070554733276367
complementary--both-directions--g1,complementary,122,0.36429646611213684,0.008774274960160255,0.09367109835147858,0.1587069034576416,0.6335929036140442
complementary--buses--g1,complementary,50,0.34114325046539307,0.005050946492701769,0.07107000797986984,0.23728960752487183,0.5154201984405518
complementary--chevron-left--g1,complementary,1796,0.3088902235031128,0.013148581609129906,0.11466726660728455,0.0903286337852478,0.6525670886039734
complementary--chevron-left--g2,complementary,298,0.30622783303260803,0.009687598794698715,0.09842559695243835,0.105587899684906,0.5630531311035156
complementary--chevron-left--g3,complementary,269,0.32764533162117004,0.014817558228969574,0.12172739207744598,0.13144958019256592,0.670242428779602
complementary--chevron-left--g4,complementary,107,0.2409753054380417,0.01716957800090313,0.13103273510932922,0.06125307083129883,0.6015853881835938
complementary--chevron-left--g5,complementary,306,0.2928549349308014,0.015030069276690483,0.12259718030691147,0.09292298555374146,0.7416974306106567
complementary--chevron-right--g1,complementary,1775,0.30312299728393555,0.01111813634634018,0.105442576110363,0.1045384407043457,0.6986083984375
complementary--chevron-right--g3,complementary,252,0.27294081449508667,0.021768948063254356,0.1475430428981781,0.08970361948013306,0.678255021572113
complementary--chevron-right--g4,complementary,78,0.24516203999519348,0.019783247262239456,0.14065292477607727,0.07705491781234741,0.5959286689758301
complementary--chevron-right--g5,complementary,318,0.28845515847206116,0.014340410009026527,0.1197514533996582,0.0870007872581482,0.741223156452179
complementary--chevron-right-unsure--g6,complementary,234,0.3229956328868866,0.009680844843387604,0.09839128702878952,0.13507449626922607,0.6523194313049316
complementary--distance--g1,complementary,183,0.3008418381214142,0.010855606757104397,0.10419024527072906,0.11541372537612915,0.7238131761550903
complementary--distance--g2,complementary,260,0.2808874547481537,0.013138207606971264,0.11462201923131943,0.0990217924118042,0.7282769680023193
complementary--distance--g3,complementary,317,0.26577329635620117,0.011209900490939617,0.10587681829929352,0.10200846195220947,0.7157979607582092
complementary--except-bicycles--g1,complementary,69,0.2566869854927063,0.010506714694201946,0.1025022640824318,0.10289204120635986,0.5465174913406372
complementary--extent-of-prohibition-area-both-direction--g1,complementary,170,0.35438546538352966,0.010773149318993092,0.10379378497600555,0.16102397441864014,0.723573625087738
complementary--go-left--g1,complementary,356,0.3412768542766571,0.010873625986278057,0.10427667945623398,0.13366758823394775,0.7016702890396118
complementary--go-right--g1,complementary,381,0.3608607053756714,0.010406910441815853,0.10201426595449448,0.15789449214935303,0.7317293286323547
complementary--go-right--g2,complementary,96,0.28635287284851074,0.008517992682754993,0.09229297190904617,0.11168241500854492,0.5172692537307739
complementary--keep-left--g1,complementary,346,0.3250829577445984,0.009253905154764652,0.0961972177028656,0.12340784072875977,0.620384156703949
complementary--keep-right--g1,complementary,85,0.3208599090576172,0.008272743783891201,0.09095462411642075,0.14709830284118652,0.5932906270027161
complementary--maximum-speed-limit-15--g1,complementary,95,0.20931562781333923,0.0069530135951936245,0.08338472992181778,0.09998273849487305,0.5632857084274292
complementary--maximum-speed-limit-20--g1,complementary,122,0.21188990771770477,0.008741136640310287,0.09349404275417328,0.08603298664093018,0.5262033939361572
complementary--maximum-speed-limit-25--g1,complementary,88,0.22322897613048553,0.013298425823450089,0.11531879752874374,0.08917826414108276,0.6185769438743591
complementary--maximum-speed-limit-30--g1,complementary,132,0.22385859489440918,0.0069557116366922855,0.0834009125828743,0.10213112831115723,0.4809373617172241
complementary--maximum-speed-limit-35--g1,complementary,127,0.22079096734523773,0.007415529806166887,0.08611346781253815,0.09068411588668823,0.46879833936691284
complementary--maximum-speed-limit-40--g1,complementary,67,0.23643484711647034,0.013953421264886856,0.11812460422515869,0.09309828281402588,0.6643170118331909
complementary--maximum-speed-limit-45--g1,complementary,141,0.245529443025589,0.009499984793365002,0.09746786206960678,0.1072378158569336,0.5076217651367188
complementary--maximum-speed-limit-50--g1,complementary,22,0.2026376724243164,0.003936030436307192,0.06273779273033142,0.10308188199996948,0.3226301670074463
complementary--maximum-speed-limit-55--g1,complementary,79,0.23333117365837097,0.008475885726511478,0.09206457436084747,0.106803297996521,0.5574591755867004
complementary--maximum-speed-limit-70--g1,complementary,53,0.19615668058395386,0.010156300850212574,0.1007784754037857,0.07750773429870605,0.6152622103691101
complementary--maximum-speed-limit-75--g1,complementary,54,0.173273503780365,0.0055744401179254055,0.07466217130422592,0.07492256164550781,0.46349895000457764
complementary--obstacle-delineator--g1,complementary,202,0.2685835361480713,0.021404210478067398,0.1463017761707306,0.08753305673599243,0.7437136173248291
complementary--obstacle-delineator--g2,complementary,445,0.31429943442344666,0.009800288826227188,0.09899640828371048,0.11770009994506836,0.6710106134414673
complementary--one-direction-left--g1,complementary,89,0.3372275233268738,0.012558048591017723,0.11206270009279251,0.1593477725982666,0.6637197732925415
complementary--one-direction-right--g1,complementary,101,0.34734907746315,0.010755185037851334,0.1037072092294693,0.1460636854171753,0.6740256547927856
complementary--pass-right--g1,complementary,75,0.27356067299842834,0.009595228359103203,0.09795523434877396,0.14319908618927002,0.5357909798622131
complementary--priority-route-at-intersection--g1,complementary,35,0.2750059962272644,0.013298988342285156,0.11532124131917953,0.10675173997879028,0.5107582211494446
complementary--tow-away-zone--g1,complementary,146,0.34295544028282166,0.008947362191975117,0.09459049999713898,0.17369914054870605,0.614008367061615
complementary--trucks--g1,complementary,113,0.3373330235481262,0.008844485506415367,0.09404512494802475,0.15654611587524414,0.6664595007896423
complementary--trucks-turn-right--g1,complementary,73,0.24842816591262817,0.008218614384531975,0.0906565710902214,0.10072058439254761,0.5035651922225952
complementary--turn-left--g2,complementary,176,0.28192660212516785,0.00963203888386488,0.09814295172691345,0.11681652069091797,0.5595385432243347
complementary--turn-right--g2,complementary,90,0.2906191349029541,0.010348346084356308,0.10172682255506516,0.13856607675552368,0.5462492108345032
information--airport--g1,information,42,0.25421854853630066,0.009438205510377884,0.09715043008327484,0.10098594427108765,0.5022398233413696
information--airport--g2,information,71,0.23002149164676666,0.007007353473454714,0.08370993286371231,0.09724891185760498,0.43140697479248047
information--bike-route--g1,information,98,0.23163986206054688,0.01441806647926569,0.12007525563240051,0.08588874340057373,0.6166620254516602
information--bus-stop--g1,information,100,0.29430893063545227,0.010125832632184029,0.10062719881534576,0.12199383974075317,0.5891577005386353
information--camp--g1,information,14,0.2692854106426239,0.012891008518636227,0.11353857815265656,0.16422981023788452,0.5171064138412476
information--central-lane--g1,information,12,0.17320553958415985,0.0029617559630423784,0.05442201718688011,0.0792771577835083,0.3037060499191284
information--children--g1,information,85,0.2570379376411438,0.018175262957811356,0.13481566309928894,0.10605370998382568,0.6587411165237427
information--dead-end--g1,information,146,0.34070661664009094,0.008151968941092491,0.09028825163841248,0.19158458709716797,0.6233659982681274
information--dead-end-except-bicycles--g1,information,3,0.2286577969789505,5.9114241594215855e-05,0.007688578683882952,0.2228095531463623,0.23952043056488037
information--disabled-persons--g1,information,244,0.30212947726249695,0.008335900492966175,0.09130115061998367,0.12709695100784302,0.6596410870552063
information--emergency-facility--g2,information,80,0.2196682244539261,0.008317790925502777,0.09120192378759384,0.08482348918914795,0.5295976400375366
information--end-of-built-up-area--g1,information,96,0.3379514515399933,0.007825403474271297,0.08846130967140198,0.20160406827926636,0.6695148348808289
information--end-of-limited-access-road--g1,information,17,0.26862654089927673,0.006298796273767948,0.07936495542526245,0.15735721588134766,0.4486497640609741
information--end-of-living-street--g1,information,21,0.3376283645629883,0.004884196445345879,0.06988702714443207,0.19452357292175293,0.43243682384490967
information--end-of-motorway--g1,information,140,0.30073460936546326,0.007708176504820585,0.08779621869325638,0.13222205638885498,0.5585938096046448
information--end-of-pedestrians-only--g2,information,11,0.1947382390499115,0.00903123989701271,0.09503283351659775,0.11058175563812256,0.4552544355392456
information--food--g2,information,107,0.27062684297561646,0.013105005957186222,0.11447709798812866,0.12208467721939087,0.6967833042144775
information--gas-station--g1,information,58,0.29221007227897644,0.007413292769342661,0.08610048145055771,0.13297367095947266,0.6332367062568665
information--gas-station--g3,information,17,0.2873227596282959,0.0029993189964443445,0.05476604029536247,0.16233444213867188,0.3528796434402466
information--highway-exit--g1,information,98,0.2324410080909729,0.009561009705066681,0.09778041392564774,0.08792221546173096,0.6782351732254028
information--highway-interstate-route--g2,information,7,0.28297021985054016,0.00466452119871974,0.06829729676246643,0.17707538604736328,0.3847697377204895
information--hospital--g1,information,165,0.2504257261753082,0.010620348155498505,0.10305507481098175,0.10083246231079102,0.5823125839233398
information--interstate-route--g1,information,44,0.24275755882263184,0.00859479233622551,0.09270810335874557,0.10346686840057373,0.5576828718185425
information--limited-access-road--g1,information,123,0.33616602420806885,0.00891252513974905,0.09440617263317108,0.1622733473777771,0.5910787582397461
information--living-street--g1,information,77,0.31954020261764526,0.016221148893237114,0.12736228108406067,0.15673881769180298,0.6329250335693359
information--lodging--g1,information,21,0.28809207677841187,0.004417025484144688,0.06646070629358292,0.18405157327651978,0.478659987449646
information--minimum-speed-40--g1,information,20,0.23599496483802795,0.006891053169965744,0.08301236480474472,0.09888887405395508,0.424785852432251
information--motorway--g1,information,271,0.302114337682724,0.00997203029692173,0.0998600572347641,0.1252174973487854,0.6052878499031067
information--no-parking--g3,information,12,0.31620970368385315,0.008056879974901676,0.08976012468338013,0.19487053155899048,0.5450932383537292
information--parking--g1,information,1602,0.2801062762737274,0.01189481746405363,0.10906336456537247,0.07798469066619873,0.7655375003814697
information--parking--g2,information,90,0.25432804226875305,0.008812010288238525,0.0938723087310791,0.11018073558807373,0.5724948644638062
information--parking--g3,information,248,0.25022003054618835,0.012735120952129364,0.11284999549388885,0.08195090293884277,0.6032464504241943
information--parking--g45,information,27,0.248890221118927,0.009381021372973919,0.09685567021369934,0.11656665802001953,0.49498844146728516
information--parking--g5,information,191,0.27363353967666626,0.013450871221721172,0.11597789078950882,0.08759808540344238,0.752520740032196
information--parking--g6,information,78,0.30712345242500305,0.014625544659793377,0.12093611806631088,0.1319037675857544,0.6093739867210388
information--pedestrians-crossing--g1,information,2187,0.2545400559902191,0.02097475528717041,0.14482663571834564,0.07587313652038574,0.8543030619621277
information--pedestrians-crossing--g2,information,85,0.2722654938697815,0.02237873524427414,0.1495952308177948,0.103965163230896,0.7036339044570923
information--road-bump--g1,information,107,0.24260173738002777,0.009966636076569557,0.09983304142951965,0.0801926851272583,0.5525304675102234
information--safety-area--g2,information,96,0.26320680975914,0.0103376479819417,0.10167422145605087,0.11271870136260986,0.527295708656311
information--stairs--g1,information,24,0.28480181097984314,0.006127773318439722,0.07828009873628616,0.13625985383987427,0.46258461475372314
information--telephone--g1,information,58,0.2702591121196747,0.006734182592481375,0.08206206560134888,0.12357813119888306,0.5079119205474854
information--telephone--g2,information,92,0.328146368265152,0.011700443923473358,0.1081685870885849,0.13610345125198364,0.7412973642349243
information--trailer-camping--g1,information,61,0.2621350884437561,0.00580610940232873,0.07619783282279968,0.13526105880737305,0.48805707693099976
information--tram-bus-stop--g2,information,309,0.31482353806495667,0.007521410938352346,0.08672606945037842,0.13498276472091675,0.5829207301139832
other-sign,other-sign,135960,0.4495719373226166,0.011252032592892647,0.10607559978961945,0.15993446111679077,0.9273684024810791
regulatory--bicycles-only--g1,regulatory,295,0.32875856757164,0.01621115393936634,0.12732303142547607,0.11424356698989868,0.6842629313468933
regulatory--bicycles-only--g2,regulatory,26,0.23931679129600525,0.019929124042391777,0.14117054641246796,0.08493733406066895,0.5416887402534485
regulatory--bicycles-only--g3,regulatory,38,0.22448836266994476,0.00898693222552538,0.09479942917823792,0.08322322368621826,0.5331685543060303
regulatory--buses-only--g1,regulatory,77,0.3831669092178345,0.00592771964147687,0.07699168473482132,0.21368467807769775,0.6260228157043457
regulatory--detour-left--g1,regulatory,15,0.28200313448905945,0.00606848020106554,0.07790044695138931,0.17200356721878052,0.43431633710861206
regulatory--do-not-block-intersection--g1,regulatory,58,0.2618323266506195,0.012978680431842804,0.11392401158809662,0.10744339227676392,0.5536110997200012
regulatory--do-not-stop-on-tracks--g1,regulatory,18,0.22744566202163696,0.004812748171389103,0.0693739727139473,0.13121920824050903,0.3862574100494385
regulatory--dual-lanes-go-straight-on-left--g1,regulatory,64,0.2596436142921448,0.0076322779059410095,0.08736290782690048,0.11334997415542603,0.5407290458679199
regulatory--dual-lanes-go-straight-on-right--g1,regulatory,50,0.2630418837070465,0.009245850145816803,0.09615534543991089,0.1049761176109314,0.5019038915634155
regulatory--dual-lanes-turn-left-no-u-turn--g1,regulatory,13,0.2620500326156616,0.012899937108159065,0.11357788741588593,0.11620384454727173,0.5255171656608582
regulatory--dual-lanes-turn-left-or-straight--g1,regulatory,19,0.2536618709564209,0.005510696675628424,0.07423406839370728,0.1231527328491211,0.38561713695526123
regulatory--dual-lanes-turn-right-or-straight--g1,regulatory,15,0.21767553687095642,0.00695863226428628,0.08341841399669647,0.12052464485168457,0.4764934778213501
regulatory--dual-path-bicycles-and-pedestrians--g1,regulatory,60,0.3032037317752838,0.009992760606110096,0.09996379911899567,0.16466450691223145,0.6001859903335571
regulatory--dual-path-pedestrians-and-bicycles--g1,regulatory,23,0.3091272711753845,0.01153118722140789,0.1073833629488945,0.19074392318725586,0.5673936605453491
regulatory--end-of-bicycles-only--g1,regulatory,58,0.32483744621276855,0.009830526076257229,0.09914901107549667,0.15925949811935425,0.5589082837104797
regulatory--end-of-buses-only--g1,regulatory,16,0.23341046273708344,0.0074600949883461,0.08637183904647827,0.13040125370025635,0.4928632974624634
regulatory--end-of-maximum-speed-limit-30--g2,regulatory,30,0.32964760065078735,0.00992234330624342,0.09961096197366714,0.19710010290145874,0.5478832721710205
regulatory--end-of-maximum-speed-limit-70--g1,regulatory,5,0.1953216791152954,0.004127298016101122,0.06424404680728912,0.10762906074523926,0.28217995166778564
regulatory--end-of-maximum-speed-limit-70--g2,regulatory,53,0.24205327033996582,0.008961174637079239,0.09466347843408585,0.11682754755020142,0.582292914390564
regulatory--end-of-no-parking--g1,regulatory,50,0.2773759663105011,0.00758918235078454,0.08711591362953186,0.13578957319259644,0.4828295111656189
regulatory--end-of-priority-road--g1,regulatory,92,0.35093289613723755,0.008517840877175331,0.09229215234518051,0.1689608097076416,0.7098913192749023
regulatory--end-of-prohibition--g1,regulatory,87,0.3270995020866394,0.009563165716826916,0.09779144078493118,0.13514918088912964,0.6926827430725098
regulatory--end-of-speed-limit-zone--g1,regulatory,115,0.2737668454647064,0.009407013654708862,0.09698975831270218,0.11153072118759155,0.5753305554389954
regulatory--give-way-to-oncoming-traffic--g1,regulatory,76,0.3013560175895691,0.010404327884316444,0.1020016074180603,0.14677584171295166,0.6700395345687866
regulatory--go-straight--g1,regulatory,483,0.30388709902763367,0.012111612595617771,0.11005277186632156,0.11282479763031006,0.6222239136695862
regulatory--go-straight--g3,regulatory,68,0.2504335641860962,0.0158845167607069,0.12603379786014557,0.09893679618835449,0.5846500992774963
regulatory--go-straight-or-turn-left--g1,regulatory,161,0.31897008419036865,0.010900910943746567,0.1044074296951294,0.11859244108200073,0.6452316045761108
regulatory--go-straight-or-turn-left--g2,regulatory,65,0.30673331022262573,0.012903372757136822,0.11359301209449768,0.1363774538040161,0.5696761012077332
regulatory--go-straight-or-turn-left--g3,regulatory,107,0.2792319655418396,0.008457161486148834,0.09196282923221588,0.13116371631622314,0.6833846569061279
regulatory--go-straight-or-turn-right--g1,regulatory,144,0.29810771346092224,0.016680769622325897,0.1291540563106537,0.09873104095458984,0.6505332589149475
regulatory--go-straight-or-turn-right--g3,regulatory,58,0.2892974317073822,0.021185750141739845,0.14555326104164124,0.1348688006401062,0.7755872011184692
regulatory--height-limit--g1,regulatory,461,0.3104279935359955,0.011122791096568108,0.1054646447300911,0.13254404067993164,0.7114666104316711
regulatory--keep-left--g1,regulatory,459,0.3191654086112976,0.012722574174404144,0.11279439181089401,0.12644106149673462,0.6713687777519226
regulatory--keep-left--g2,regulatory,133,0.29206159710884094,0.011196767911314964,0.10581478476524353,0.12475574016571045,0.5814458131790161
regulatory--keep-right--g1,regulatory,1242,0.32410597801208496,0.012864925898611546,0.1134236603975296,0.10967683792114258,0.671394944190979
regulatory--keep-right--g2,regulatory,84,0.31499361991882324,0.01084818970412016,0.10415464639663696,0.15696048736572266,0.6941992044448853
regulatory--keep-right--g4,regulatory,593,0.2861556112766266,0.01117655448615551,0.10571922361850739,0.08833527565002441,0.641730785369873
regulatory--keep-right--g6,regulatory,62,0.322134405374527,0.005107471719384193,0.07146658003330231,0.17990237474441528,0.5193328857421875
regulatory--lane-control--g1,regulatory,107,0.24103330075740814,0.010812453925609589,0.10398294776678085,0.08372586965560913,0.521762490272522
regulatory--left-turn-yield-on-green--g1,regulatory,100,0.25911954045295715,0.015438568778336048,0.12425203621387482,0.0947563648223877,0.6203262805938721
regulatory--maximum-speed-limit-10--g1,regulatory,115,0.28009623289108276,0.011576447635889053,0.10759390145540237,0.12426424026489258,0.5841635465621948
regulatory--maximum-speed-limit-100--g1,regulatory,194,0.28816089034080505,0.011022317223250866,0.10498722642660141,0.1206364631652832,0.6390267014503479
regulatory--maximum-speed-limit-100--g3,regulatory,94,0.12496235221624374,0.0023168798070400953,0.0481339767575264,0.05158358812332153,0.27802222967147827
regulatory--maximum-speed-limit-110--g1,regulatory,121,0.25428107380867004,0.008831408806145191,0.09397557377815247,0.10273081064224243,0.551048994064331
regulatory--maximum-speed-limit-120--g1,regulatory,108,0.25652873516082764,0.007119948044419289,0.08437978476285934,0.130804181098938,0.5689138174057007
regulatory--maximum-speed-limit-15--g1,regulatory,29,0.29004254937171936,0.007750659249722958,0.08803782612085342,0.15597927570343018,0.5230323076248169
regulatory--maximum-speed-limit-20--g1,regulatory,239,0.290699303150177,0.014594392850995064,0.12080725282430649,0.10260319709777832,0.6461927890777588
regulatory--maximum-speed-limit-25--g1,regulatory,45,0.2827203869819641,0.010105457156896591,0.10052590072154999,0.13140803575515747,0.6531975865364075
regulatory--maximum-speed-limit-25--g2,regulatory,212,0.2398902177810669,0.013386708684265614,0.11570094525814056,0.07166588306427002,0.6404590010643005
regulatory--maximum-speed-limit-30--g1,regulatory,776,0.28721076250076294,0.015036708675324917,0.12262425571680069,0.09344267845153809,0.7693527340888977
regulatory--maximum-speed-limit-30--g3,regulatory,101,0.2324170470237732,0.014171203598380089,0.11904286593198776,0.07706528902053833,0.75867760181427
regulatory--maximum-speed-limit-35--g2,regulatory,161,0.24039310216903687,0.013623293489217758,0.11671886593103409,0.0841759443283081,0.6301469206809998
regulatory--maximum-speed-limit-40--g1,regulatory,1012,0.3077321946620941,0.012133204378187656,0.11015082895755768,0.10961246490478516,0.7443739771842957
regulatory--maximum-speed-limit-40--g3,regulatory,99,0.23761418461799622,0.012572823092341423,0.1121286004781723,0.08447909355163574,0.6732842922210693
regulatory--maximum-speed-limit-40--g6,regulatory,18,0.1807597428560257,0.007698348723351955,0.08774023503065109,0.0753706693649292,0.45891833305358887
regulatory--maximum-speed-limit-45--g1,regulatory,43,0.32206058502197266,0.010916867293417454,0.10448381304740906,0.17520570755004883,0.5516858100891113
regulatory--maximum-speed-limit-45--g3,regulatory,102,0.24253447353839874,0.008789069950580597,0.09375003725290298,0.07882249355316162,0.46819114685058594
regulatory--maximum-speed-limit-5--g1,regulatory,107,0.30189231038093567,0.014010746031999588,0.11836699396371841,0.11171334981918335,0.6246479749679565
regulatory--maximum-speed-limit-50--g1,regulatory,704,0.2795266807079315,0.011995312757790089,0.10952311754226685,0.11111998558044434,0.7851054072380066
regulatory--maximum-speed-limit-50--g6,regulatory,33,0.19679638743400574,0.012159323319792747,0.11026932299137115,0.0880967378616333,0.48053693771362305
regulatory--maximum-speed-limit-55--g2,regulatory,144,0.24920207262039185,0.009327630512416363,0.0965796560049057,0.08769381046295166,0.5712623596191406
regulatory--maximum-speed-limit-60--g1,regulatory,678,0.30721035599708557,0.010768108069896698,0.10376949608325958,0.11825597286224365,0.6789891719818115
regulatory--maximum-speed-limit-65--g2,regulatory,29,0.20970642566680908,0.008417513221502304,0.09174700826406479,0.0833890438079834,0.46221864223480225
regulatory--maximum-speed-limit-70--g1,regulatory,345,0.27632445096969604,0.013466572389006615,0.11604556441307068,0.0912092924118042,0.70744788646698
regulatory--maximum-speed-limit-80--g1,regulatory,449,0.27439039945602417,0.010293686762452126,0.10145780444145203,0.10365712642669678,0.7193713188171387
regulatory--maximum-speed-limit-90--g1,regulatory,279,0.28060802817344666,0.009339430369436741,0.09664072841405869,0.09565269947052002,0.6435440182685852
regulatory--maximum-speed-limit-led-100--g1,regulatory,74,0.23990260064601898,0.009935768321156502,0.09967832267284393,0.10342556238174438,0.6964035034179688
regulatory--maximum-speed-limit-led-60--g1,regulatory,62,0.24263902008533478,0.006091555114835501,0.07804841548204422,0.07564783096313477,0.43022942543029785
regulatory--maximum-speed-limit-led-80--g1,regulatory,50,0.25015950202941895,0.008394414559006691,0.0916210412979126,0.10960918664932251,0.5889243483543396
regulatory--minimum-safe-distance--g1,regulatory,33,0.29964756965637207,0.006434366572648287,0.0802145004272461,0.1813950538635254,0.5191704630851746
regulatory--mopeds-and-bicycles-only--g1,regulatory,115,0.30188509821891785,0.008171855472028255,0.09039831906557083,0.13581037521362305,0.531779408454895
regulatory--no-bicycles--g1,regulatory,73,0.3245878219604492,0.011545926332473755,0.10745197534561157,0.1314605474472046,0.6442031860351562
regulatory--no-bicycles--g2,regulatory,76,0.2582242488861084,0.00961855798959732,0.09807424992322922,0.09293580055236816,0.5009397268295288
regulatory--no-bicycles--g3,regulatory,40,0.29998087882995605,0.009904890321195126,0.09952331334352493,0.11252307891845703,0.5004860162734985
regulatory--no-buses--g3,regulatory,53,0.2695634365081787,0.012452853843569756,0.1115923523902893,0.14421403408050537,0.6222909092903137
regulatory--no-entry--g1,regulatory,2049,0.3557600677013397,0.010443315841257572,0.10219254344701767,0.1520836353302002,0.7995988130569458
regulatory--no-hawkers--g1,regulatory,18,0.24128977954387665,0.0073491898365318775,0.08572741597890854,0.10631716251373291,0.4558035135269165
regulatory--no-heavy-goods-vehicles--g1,regulatory,361,0.35338008403778076,0.0100602051243186,0.10030057281255722,0.14399874210357666,0.7688046097755432
regulatory--no-heavy-goods-vehicles--g2,regulatory,441,0.3190285563468933,0.01091901957988739,0.104494109749794,0.14052754640579224,0.6387856006622314
regulatory--no-heavy-goods-vehicles--g4,regulatory,319,0.2322540581226349,0.012039350345730782,0.10972397029399872,0.07656610012054443,0.729619562625885
regulatory--no-heavy-goods-vehicles--g5,regulatory,49,0.27498775720596313,0.018066054210066795,0.13441002368927002,0.09420573711395264,0.6456543207168579
regulatory--no-heavy-goods-vehicles-or-buses--g1,regulatory,27,0.30769214034080505,0.021313810721039772,0.14599250257015228,0.11852109432220459,0.7063507437705994
regulatory--no-left-turn--g1,regulatory,475,0.34360021352767944,0.014626815915107727,0.12094137072563171,0.1359713077545166,0.7929731607437134
regulatory--no-left-turn--g2,regulatory,73,0.3000447750091553,0.012875165790319443,0.11346878856420517,0.116535484790802,0.6032743453979492
regulatory--no-left-turn--g3,regulatory,28,0.26766422390937805,0.02022896334528923,0.14222855865955353,0.11047500371932983,0.5605778098106384
regulatory--no-mopeds-or-bicycles--g1,regulatory,31,0.28651416301727295,0.009313452057540417,0.09650623053312302,0.14253836870193481,0.5279201865196228
regulatory--no-motor-vehicle-trailers--g1,regulatory,38,0.294586181640625,0.011191821657121181,0.10579140484333038,0.12070703506469727,0.5580238103866577
regulatory--no-motor-vehicles--g1,regulatory,33,0.3197426497936249,0.012539426796138287,0.11197958141565323,0.17689383029937744,0.6280638575553894
regulatory--no-motor-vehicles--g4,regulatory,26,0.3252193331718445,0.020115546882152557,0.14182928204536438,0.16287606954574585,0.6468479633331299
regulatory--no-motor-vehicles-except-motorcycles--g1,regulatory,58,0.34151700139045715,0.011593570001423359,0.10767344385385513,0.1806861162185669,0.6784892082214355
regulatory--no-motor-vehicles-except-motorcycles--g2,regulatory,128,0.32234060764312744,0.011323666200041771,0.10641271620988846,0.11175304651260376,0.6720716953277588
regulatory--no-motorcycles--g1,regulatory,92,0.3135315477848053,0.009268658235669136,0.09627386927604675,0.10336929559707642,0.5986529588699341
regulatory--no-motorcycles--g2,regulatory,67,0.29891276359558105,0.01130288653075695,0.10631503164768219,0.16338592767715454,0.6779619455337524
regulatory--no-overtaking--g1,regulatory,278,0.3178730010986328,0.009160622954368591,0.09571114182472229,0.1337490677833557,0.6272393465042114
regulatory--no-overtaking--g2,regulatory,226,0.2738649249076843,0.011093099601566792,0.10532378405332565,0.09034878015518188,0.6870852112770081
regulatory--no-overtaking--g4,regulatory,56,0.2761760354042053,0.011146931909024715,0.10557903349399567,0.13234949111938477,0.5388692021369934
regulatory--no-overtaking--g5,regulatory,379,0.2699834406375885,0.008045057766139507,0.08969424664974213,0.10266607999801636,0.5665738582611084
regulatory--no-overtaking-by-heavy-goods-vehicles--g1,regulatory,61,0.3067623972892761,0.00882741529494524,0.09395432472229004,0.16896629333496094,0.553790807723999
regulatory--no-parking--g1,regulatory,1195,0.3204532563686371,0.011136846616864204,0.10553126037120819,0.11409866809844971,0.7791800498962402
regulatory--no-parking--g2,regulatory,600,0.3108413517475128,0.013536747545003891,0.1163475289940834,0.11888527870178223,0.7372539639472961
regulatory--no-parking--g5,regulatory,586,0.311090350151062,0.011400890536606312,0.1067749559879303,0.12465840578079224,0.7382864356040955
regulatory--no-parking-or-no-stopping--g1,regulatory,120,0.27555614709854126,0.012090262025594711,0.10995572805404663,0.09778487682342529,0.5783350467681885
regulatory--no-parking-or-no-stopping--g2,regulatory,111,0.2765040993690491,0.010892285034060478,0.10436610877513885,0.09941846132278442,0.5621623992919922
regulatory--no-parking-or-no-stopping--g3,regulatory,107,0.2866738438606262,0.008388887159526348,0.09159086644649506,0.14661169052124023,0.5418888330459595
regulatory--no-pedestrians--g1,regulatory,79,0.2734321355819702,0.012255010195076466,0.11070235073566437,0.11175596714019775,0.6191123127937317
regulatory--no-pedestrians--g2,regulatory,206,0.2989298403263092,0.016501547768712044,0.12845835089683533,0.12532967329025269,0.7376060485839844
regulatory--no-pedestrians--g3,regulatory,20,0.3069998323917389,0.015939772129058838,0.12625281512737274,0.1401447057723999,0.5852892398834229
regulatory--no-pedestrians-or-bicycles--g1,regulatory,19,0.20718888938426971,0.011651512235403061,0.10794217139482498,0.10922563076019287,0.5120640993118286
regulatory--no-right-turn--g1,regulatory,340,0.30955711007118225,0.019265327602624893,0.13879959285259247,0.10130351781845093,0.803669810295105
regulatory--no-right-turn--g2,regulatory,113,0.3222496211528778,0.010800369083881378,0.10392482578754425,0.138877272605896,0.6763246059417725
regulatory--no-right-turn--g3,regulatory,12,0.2225540280342102,0.005893993657082319,0.07677234709262848,0.10118025541305542,0.3632488250732422
regulatory--no-stopping--g15,regulatory,1237,0.32284051179885864,0.011706983670592308,0.10819881409406662,0.1214480996131897,0.6975990533828735
regulatory--no-stopping--g2,regulatory,338,0.3207647502422333,0.010265786200761795,0.10132021456956863,0.13627415895462036,0.6219872236251831
regulatory--no-stopping--g4,regulatory,32,0.310359925031662,0.00785990059375763,0.08865608274936676,0.18522560596466064,0.5411456823348999
regulatory--no-stopping--g5,regulatory,174,0.3388766050338745,0.011836796998977661,0.10879704356193542,0.16115808486938477,0.6894963979721069
regulatory--no-stopping--g8,regulatory,42,0.3297417461872101,0.011607134714722633,0.10773641616106033,0.17589104175567627,0.6729893088340759
regulatory--no-straight-through--g1,regulatory,78,0.3078252077102661,0.01766541600227356,0.1329113095998764,0.11587589979171753,0.667095959186554
regulatory--no-straight-through--g2,regulatory,32,0.32803311944007874,0.01028410904109478,0.10141059756278992,0.19808745384216309,0.5611264705657959
regulatory--no-turn-on-red--g1,regulatory,104,0.2616216838359833,0.011740385554730892,0.10835305601358414,0.08423846960067749,0.6007364392280579
regulatory--no-turn-on-red--g2,regulatory,102,0.24079518020153046,0.00873024296015501,0.09343577176332474,0.09182155132293701,0.5856930017471313
regulatory--no-turn-on-red--g3,regulatory,60,0.2403232753276825,0.013044441118836403,0.114212267100811,0.10719132423400879,0.5558024644851685
regulatory--no-turns--g1,regulatory,30,0.25114622712135315,0.009383476339280605,0.09686834365129471,0.11858397722244263,0.6093535423278809
regulatory--no-u-turn--g1,regulatory,466,0.2850709557533264,0.013675433583557606,0.11694201081991196,0.11082106828689575,0.7400253415107727
regulatory--no-u-turn--g2,regulatory,47,0.26980772614479065,0.0088094687089324,0.09385877102613449,0.10881304740905762,0.5642777681350708
regulatory--no-u-turn--g3,regulatory,124,0.2817665636539459,0.014589275233447552,0.12078607082366943,0.1116560697555542,0.7277935743331909
regulatory--no-vehicles-carrying-dangerous-goods--g1,regulatory,121,0.29743799567222595,0.007074134424328804,0.08410787582397461,0.11379098892211914,0.6591066122055054
regulatory--one-way-left--g1,regulatory,372,0.3514460623264313,0.011221779510378838,0.10593289881944656,0.13497084379196167,0.6569621562957764
regulatory--one-way-left--g2,regulatory,149,0.28727394342422485,0.011121177114546299,0.10545699298381805,0.11029720306396484,0.6290053725242615
regulatory--one-way-left--g3,regulatory,348,0.34319016337394714,0.01058201678097248,0.1028689295053482,0.15427780151367188,0.7188032865524292
regulatory--one-way-right--g1,regulatory,276,0.3513818383216858,0.009372198022902012,0.09681010991334915,0.1736440658569336,0.716741681098938
regulatory--one-way-right--g2,regulatory,101,0.28838127851486206,0.014227342791855335,0.1192784234881401,0.1178363561630249,0.6249313950538635
regulatory--one-way-right--g3,regulatory,323,0.3433382511138916,0.010115550830960274,0.10057609528303146,0.14706385135650635,0.7287886142730713
regulatory--one-way-straight--g1,regulatory,530,0.3147605359554291,0.01273457333445549,0.11284756660461426,0.12648999691009521,0.6667768955230713
regulatory--parking-restrictions--g2,regulatory,58,0.2649233341217041,0.007980920374393463,0.08933600038290024,0.13494712114334106,0.596053957939148
regulatory--pass-on-either-side--g1,regulatory,306,0.3163417875766754,0.01160226110368967,0.10771379619836807,0.1294223666191101,0.6587225198745728
regulatory--pass-on-either-side--g2,regulatory,56,0.31368592381477356,0.014827881939709187,0.12176979333162308,0.1318756341934204,0.6285105347633362
regulatory--passing-lane-ahead--g1,regulatory,47,0.274651437997818,0.010900391265749931,0.10440494120121002,0.1188507080078125,0.5456503033638
regulatory--pedestrians-only--g1,regulatory,177,0.3276505768299103,0.013786040246486664,0.1174139678478241,0.13372951745986938,0.6581302881240845
regulatory--pedestrians-only--g2,regulatory,70,0.29602742195129395,0.008853086270391941,0.09409084171056747,0.1472553014755249,0.578476071357727
regulatory--priority-over-oncoming-vehicles--g1,regulatory,116,0.22492532432079315,0.00921362079679966,0.09598761051893234,0.0805554986000061,0.6259810924530029
regulatory--priority-road--g4,regulatory,1212,0.35581648349761963,0.012355604209005833,0.11115576326847076,0.1397613286972046,0.7433545589447021
regulatory--radar-enforced--g1,regulatory,102,0.3072032332420349,0.01110523846000433,0.10538139194250107,0.11990886926651001,0.6051067113876343
regulatory--reversible-lanes--g2,regulatory,118,0.261570006608963,0.01184659730643034,0.10884207487106323,0.10844564437866211,0.5801965594291687
regulatory--road-closed--g1,regulatory,34,0.33070871233940125,0.009937060996890068,0.09968480467796326,0.1766108274459839,0.53346848487854
regulatory--road-closed--g2,regulatory,83,0.258315771818161,0.013196397572755814,0.11487557739019394,0.08835482597351074,0.5755512714385986
regulatory--road-closed-to-vehicles--g1,regulatory,40,0.2929385304450989,0.013987556099891663,0.11826899647712708,0.1213524341583252,0.6398658156394958
regulatory--road-closed-to-vehicles--g3,regulatory,270,0.37469375133514404,0.011779459193348885,0.10853321850299835,0.14009451866149902,0.6883172988891602
regulatory--roundabout--g1,regulatory,407,0.33594897389411926,0.00925765372812748,0.09621670097112656,0.12697118520736694,0.6539755463600159
regulatory--roundabout--g2,regulatory,14,0.2774973511695862,0.008779310621321201,0.09369797259569168,0.15969669818878174,0.47586655616760254
regulatory--shared-path-bicycles-and-pedestrians--g1,regulatory,20,0.320461243391037,0.005675361957401037,0.07533499598503113,0.1601349115371704,0.5257554054260254
regulatory--shared-path-pedestrians-and-bicycles--g1,regulatory,241,0.314779132604599,0.009539776481688023,0.09767177700996399,0.1309889554977417,0.6333190202713013
regulatory--stop--g1,regulatory,1386,0.3039982318878174,0.014594538137316704,0.12080785632133484,0.10240542888641357,0.8029448986053467
regulatory--stop--g10,regulatory,52,0.3094480335712433,0.011163562536239624,0.10565776377916336,0.14239275455474854,0.6439543962478638
regulatory--stop--g2,regulatory,53,0.3269726634025574,0.0077800326980650425,0.08820449560880661,0.15345704555511475,0.5945419669151306
regulatory--stop-here-on-red-or-flashing-light--g1,regulatory,86,0.24536915123462677,0.012919253669679165,0.11366289854049683,0.09401392936706543,0.6525420546531677
regulatory--stop-here-on-red-or-flashing-light--g2,regulatory,49,0.2165745496749878,0.007885894738137722,0.08880256116390228,0.08519965410232544,0.47795677185058594
regulatory--stop-signals--g1,regulatory,50,0.3186165988445282,0.008589678443968296,0.09268052130937576,0.17500942945480347,0.5464727282524109
regulatory--text-four-lines--g1,regulatory,37,0.26571860909461975,0.008137614466249943,0.09020872414112091,0.13750481605529785,0.47805535793304443
regulatory--triple-lanes-turn-left-center-lane--g1,regulatory,51,0.2881045341491699,0.008433163166046143,0.09183225780725479,0.14767718315124512,0.5160048604011536
regulatory--truck-speed-limit-60--g1,regulatory,10,0.25352269411087036,0.00917954184114933,0.0958099290728569,0.14650452136993408,0.4728279709815979
regulatory--turn-left--g1,regulatory,170,0.3330696225166321,0.01274734828621149,0.1129041537642479,0.12285405397415161,0.6105656623840332
regulatory--turn-left--g2,regulatory,246,0.30062878131866455,0.011942888610064983,0.10928352177143097,0.12127995491027832,0.6512479782104492
regulatory--turn-left--g3,regulatory,114,0.342263787984848,0.010910681448876858,0.10445420444011688,0.15461570024490356,0.619210958480835
regulatory--turn-left-ahead--g1,regulatory,89,0.3371039032936096,0.011741758324205875,0.10835939645767212,0.1615762710571289,0.6138005256652832
regulatory--turn-right--g1,regulatory,314,0.3325110673904419,0.012585963122546673,0.11218717694282532,0.12946146726608276,0.7197557687759399
regulatory--turn-right--g2,regulatory,100,0.3543992340564728,0.0134279178455472,0.11587889492511749,0.1666528582572937,0.7768417596817017
regulatory--turn-right--g3,regulatory,131,0.28708794713020325,0.01271851360797882,0.11277639120817184,0.10062521696090698,0.6260186433792114
regulatory--turn-right-ahead--g1,regulatory,204,0.3384261131286621,0.011804969981312752,0.10865067690610886,0.14633703231811523,0.70399409532547
regulatory--turn-right-ahead--g2,regulatory,42,0.345698744058609,0.007894761860370636,0.08885247260332108,0.1713552474975586,0.5657179355621338
regulatory--turning-vehicles-yield-to-pedestrians--g1,regulatory,6,0.20182783901691437,0.0012517261784523726,0.035379741340875626,0.1438363790512085,0.2536219358444214
regulatory--u-turn--g1,regulatory,83,0.2707967758178711,0.013374390080571175,0.11564769595861435,0.09287899732589722,0.5843158960342407
regulatory--weight-limit--g1,regulatory,221,0.27925539016723633,0.014046501368284225,0.1185179352760315,0.0956186056137085,0.7758891582489014
regulatory--weight-limit-with-trucks--g1,regulatory,10,0.22254535555839539,0.0028195404447615147,0.05309934541583061,0.15647399425506592,0.35974037647247314
regulatory--width-limit--g1,regulatory,45,0.29689839482307434,0.011639673262834549,0.10788732022047043,0.17076706886291504,0.5623757839202881
regulatory--wrong-way--g1,regulatory,73,0.26882585883140564,0.01091746799647808,0.10448668897151947,0.11153405904769897,0.5315672159194946
regulatory--yield--g1,regulatory,2775,0.328865647315979,0.012200132943689823,0.11045420914888382,0.10821413993835449,0.7186339497566223
warning--accidental-area-unsure--g2,warning,39,0.2770366966724396,0.016901550814509392,0.13000597059726715,0.11584442853927612,0.6294636726379395
warning--added-lane-right--g1,warning,51,0.3061240315437317,0.01714888960123062,0.13095377385616302,0.13731145858764648,0.6026343107223511
warning--bicycles-crossing--g1,warning,55,0.2311113178730011,0.014775672927498817,0.12155522406101227,0.07419264316558838,0.6166489720344543
warning--bicycles-crossing--g2,warning,86,0.30441033840179443,0.02867581695318222,0.1693393588066101,0.10169100761413574,0.7686155438423157
warning--bicycles-crossing--g3,warning,30,0.2878551483154297,0.016540788114070892,0.1286109983921051,0.14138293266296387,0.710477352142334
warning--bus-stop-ahead--g3,warning,39,0.2746601700782776,0.01971483789384365,0.14040952920913696,0.11439335346221924,0.6949964761734009
warning--children--g1,warning,257,0.23508240282535553,0.00932613480836153,0.0965719148516655,0.09678816795349121,0.6119295358657837
warning--children--g2,warning,374,0.308758944272995,0.018059466034173965,0.13438551127910614,0.1313185691833496,0.7837149500846863
warning--crossroads--g1,warning,185,0.24687470495700836,0.011380876414477825,0.10668119043111801,0.0841754674911499,0.8390868306159973
warning--crossroads--g3,warning,174,0.29467475414276123,0.010117242112755775,0.1005844995379448,0.12264573574066162,0.622937798500061
warning--crossroads-with-priority-to-the-right--g1,warning,54,0.2228415459394455,0.010622389614582062,0.10306497663259506,0.08882296085357666,0.6589296460151672
warning--curve-left--g1,warning,244,0.2428051382303238,0.015727190300822258,0.1254080981016159,0.0839158296585083,0.7494780421257019
warning--curve-left--g2,warning,571,0.343418687582016,0.018047228455543518,0.13433997333049774,0.10085070133209229,0.6946008205413818
warning--curve-right--g1,warning,276,0.23990000784397125,0.015507043339312077,0.12452728301286697,0.09289145469665527,0.7579572200775146
warning--curve-right--g2,warning,467,0.3319515287876129,0.019610680639743805,0.1400381326675415,0.12493336200714111,0.6895862817764282
warning--dip--g2,warning,38,0.3153219223022461,0.009862861596047878,0.0993119403719902,0.158514142036438,0.5632480382919312
warning--divided-highway-ends--g1,warning,87,0.31347742676734924,0.012050201185047626,0.10977340489625931,0.14323854446411133,0.5490467548370361
warning--divided-highway-ends--g2,warning,122,0.32845526933670044,0.016087211668491364,0.12683537602424622,0.1378968358039856,0.6437835097312927
warning--domestic-animals--g1,warning,48,0.29407617449760437,0.013422082178294659,0.11585371196269989,0.12435948848724365,0.6538276672363281
warning--domestic-animals--g3,warning,42,0.33516791462898254,0.01323226559907198,0.11503158509731293,0.19307172298431396,0.6156003475189209
warning--double-curve-first-left--g1,warning,114,0.23490767180919647,0.01480268593877554,0.12166628986597061,0.06715607643127441,0.732833981513977
warning--double-curve-first-left--g2,warning,92,0.30566340684890747,0.018956733867526054,0.1376834511756897,0.14267122745513916,0.6658406257629395
warning--double-curve-first-right--g1,warning,143,0.22838765382766724,0.0188144464045763,0.13716576993465424,0.07730215787887573,0.7126208543777466
warning--double-curve-first-right--g2,warning,120,0.31909653544425964,0.015104139223694801,0.1228988990187645,0.11815202236175537,0.6670106053352356
warning--double-reverse-curve-right--g1,warning,61,0.32962554693222046,0.008264045231044292,0.0909067913889885,0.18282967805862427,0.5866252183914185
warning--double-turn-first-right--g1,warning,58,0.29289746284484863,0.014374148100614548,0.11989223212003708,0.1101425290107727,0.5526883602142334
warning--dual-lanes-right-turn-or-go-straight--g1,warning,58,0.17545095086097717,0.007391922641545534,0.08597628772258759,0.07788968086242676,0.6259671449661255
warning--emergency-vehicles--g1,warning,83,0.259002685546875,0.010550381615757942,0.10271505266427994,0.1002090573310852,0.7046208381652832
warning--equestrians-crossing--g2,warning,23,0.3019111752510071,0.021730108186602592,0.14741136133670807,0.1704673171043396,0.6360781192779541
warning--falling-rocks-or-debris-right--g1,warning,48,0.22646093368530273,0.007392206694930792,0.0859779417514801,0.11237317323684692,0.4625895023345947
warning--falling-rocks-or-debris-right--g2,warning,66,0.3002816140651703,0.015566295012831688,0.12476495653390884,0.1364338994026184,0.6756201982498169
warning--falling-rocks-or-debris-right--g4,warning,29,0.29722046852111816,0.00909656286239624,0.0953759029507637,0.16475194692611694,0.5928702354431152
warning--flaggers-in-road--g1,warning,66,0.29113200306892395,0.013271838426589966,0.11520346254110336,0.14127808809280396,0.6181381940841675
warning--hairpin-curve-left--g1,warning,38,0.22948242723941803,0.010583884082734585,0.10287800431251526,0.10389101505279541,0.6651193499565125
warning--hairpin-curve-left--g3,warning,26,0.2291557639837265,0.009307477623224258,0.0964752659201622,0.11883729696273804,0.5005438327789307
warning--hairpin-curve-right--g1,warning,61,0.3019789457321167,0.023697106167674065,0.1539386510848999,0.11977875232696533,0.7148329615592957
warning--hairpin-curve-right--g4,warning,10,0.22931012511253357,0.012879200279712677,0.11348656564950943,0.13813471794128418,0.45368826389312744
warning--height-restriction--g2,warning,190,0.3047472834587097,0.015630654990673065,0.12502261996269226,0.1292715072631836,0.7466825842857361
warning--horizontal-alignment-left--g1,warning,67,0.2621634900569916,0.010670899413526058,0.10330004245042801,0.12201869487762451,0.6580694913864136
warning--horizontal-alignment-right--g1,warning,94,0.2637779712677002,0.014835059642791748,0.12179926037788391,0.11177527904510498,0.6550098657608032
warning--horizontal-alignment-right--g3,warning,8,0.24133963882923126,0.002665352076292038,0.05162704735994339,0.19063055515289307,0.3358041048049927
warning--junction-with-a-side-road-acute-left--g1,warning,126,0.3074907958507538,0.015130313113331795,0.12300533801317215,0.1325492262840271,0.722313404083252
warning--junction-with-a-side-road-acute-right--g1,warning,93,0.28601881861686707,0.017930008471012115,0.13390298187732697,0.12384486198425293,0.6565636396408081
warning--junction-with-a-side-road-perpendicular-left--g1,warning,140,0.25396692752838135,0.011915926821529865,0.10916009545326233,0.1063084602355957,0.6301522850990295
warning--junction-with-a-side-road-perpendicular-left--g3,warning,151,0.30561691522598267,0.013472373597323895,0.11607055366039276,0.11898112297058105,0.6841185092926025
warning--junction-with-a-side-road-perpendicular-left--g4,warning,19,0.2518913745880127,0.006289232522249222,0.07930468022823334,0.11281460523605347,0.38827967643737793
warning--junction-with-a-side-road-perpendicular-right--g1,warning,284,0.2545984387397766,0.009708402678370476,0.09853122383356094,0.10803329944610596,0.5914216637611389
warning--junction-with-a-side-road-perpendicular-right--g3,warning,180,0.31509432196617126,0.014753580093383789,0.1214643195271492,0.12502479553222656,0.6332973837852478
warning--kangaloo-crossing--g1,warning,124,0.3385140001773834,0.014301958493888378,0.11959079653024673,0.13396942615509033,0.7310300469398499
warning--loop-270-degree--g1,warning,17,0.2211696058511734,0.0046985335648059845,0.06854584813117981,0.13706910610198975,0.4049152731895447
warning--narrow-bridge--g1,warning,189,0.3174971044063568,0.010637358762323856,0.10313757508993149,0.11789453029632568,0.6768218278884888
warning--narrow-bridge--g3,warning,62,0.24420040845870972,0.01232695858925581,0.1110268384218216,0.08459705114364624,0.6517243385314941
warning--offset-roads--g3,warning,16,0.2617156505584717,0.011209200136363506,0.10587351024150848,0.11048686504364014,0.5637019872665405
warning--other-danger--g1,warning,418,0.23510123789310455,0.01380023080855608,0.11747438460588455,0.08455204963684082,0.7825623154640198
warning--other-danger--g3,warning,43,0.33764147758483887,0.010507308878004551,0.102505162358284,0.17840242385864258,0.6311185359954834
warning--pass-left-or-right--g1,warning,21,0.30113711953163147,0.017639096826314926,0.1328122615814209,0.13956809043884277,0.6128257513046265
warning--pass-left-or-right--g2,warning,137,0.31976014375686646,0.01907983049750328,0.13812975585460663,0.13274013996124268,0.6744363903999329
warning--pedestrian-stumble-train--g1,warning,28,0.22785410284996033,0.004658236633986235,0.06825127452611923,0.11675995588302612,0.4221233129501343
warning--pedestrians-crossing--g1,warning,304,0.22550389170646667,0.012435266748070717,0.11151352524757385,0.08028459548950195,0.7051355838775635
warning--pedestrians-crossing--g10,warning,52,0.2275514304637909,0.011709343641996384,0.10820972174406052,0.09601563215255737,0.5215060710906982
warning--pedestrians-crossing--g11,warning,27,0.24046814441680908,0.008893026039004326,0.09430284053087234,0.08800089359283447,0.4879324436187744
warning--pedestrians-crossing--g12,warning,15,0.2348792999982834,0.011375163681805134,0.10665441304445267,0.12683981657028198,0.4943598508834839
warning--pedestrians-crossing--g4,warning,1124,0.2983831465244293,0.021690087392926216,0.14727555215358734,0.0993201732635498,0.8297924995422363
warning--pedestrians-crossing--g5,warning,191,0.2392149269580841,0.016660956665873528,0.12907733023166656,0.08927875757217407,0.7997905015945435
warning--pedestrians-crossing--g9,warning,33,0.24082820117473602,0.011369405314326286,0.10662741214036942,0.09914422035217285,0.5931515693664551
warning--playground--g1,warning,36,0.2832912504673004,0.016480928286910057,0.12837806344032288,0.10146838426589966,0.6814796924591064
warning--playground--g3,warning,20,0.25771379470825195,0.008149833418428898,0.09027642756700516,0.1356668472290039,0.4847210645675659
warning--railroad-crossing--g1,warning,82,0.2807755768299103,0.014386165887117386,0.11994234472513199,0.0904187560081482,0.6495224237442017
warning--railroad-crossing--g3,warning,60,0.3136928677558899,0.0073632290586829185,0.08580926060676575,0.16964513063430786,0.5647374391555786
warning--railroad-crossing--g4,warning,82,0.4108458161354065,0.010681736283004284,0.10335248708724976,0.1977645754814148,0.6422233581542969
warning--railroad-crossing-with-barriers--g1,warning,104,0.23571403324604034,0.008513247594237328,0.09226725995540619,0.0769081711769104,0.5428306460380554
warning--railroad-crossing-with-barriers--g2,warning,49,0.3149850070476532,0.012267696671187878,0.11075963824987411,0.15086102485656738,0.6535900235176086
warning--railroad-crossing-with-barriers--g4,warning,21,0.28238359093666077,0.0029568427707999945,0.054376859217882156,0.18439769744873047,0.38911378383636475
warning--railroad-crossing-without-barriers--g1,warning,84,0.22558382153511047,0.01178592350333929,0.10856299102306366,0.09014999866485596,0.7470203638076782
warning--railroad-crossing-without-barriers--g3,warning,196,0.24342404305934906,0.008579166606068611,0.09262379258871078,0.10184627771377563,0.6049699187278748
warning--railroad-crossing-without-barriers--g4,warning,156,0.29225438833236694,0.012576558627188206,0.11214525997638702,0.14923179149627686,0.6944166421890259
warning--railroad-intersection--g3,warning,112,0.28293904662132263,0.010974003002047539,0.10475687682628632,0.13259732723236084,0.5941743850708008
warning--railroad-intersection--g4,warning,21,0.26896965503692627,0.007303364109247923,0.08545972406864166,0.1460256576538086,0.4697054624557495
warning--restricted-zone--g1,warning,14,0.07916455715894699,0.0003024781763087958,0.017391899600625038,0.04318439960479736,0.1061326265335083
warning--road-bump--g1,warning,426,0.27341020107269287,0.016203097999095917,0.12729139626026154,0.08063316345214844,0.7400498986244202
warning--road-bump--g2,warning,547,0.3426569700241089,0.01563345640897751,0.12503382563591003,0.13906192779541016,0.7044308185577393
warning--road-narrows--g1,warning,117,0.2563592195510864,0.011366825550794601,0.10661531239748001,0.10947418212890625,0.5895440578460693
warning--road-narrows--g2,warning,57,0.34341761469841003,0.018248943611979485,0.13508865237236023,0.15612471103668213,0.6737898588180542
warning--road-narrows-left--g1,warning,60,0.21209917962551117,0.010890314355492592,0.10435666888952255,0.10618555545806885,0.7097632884979248
warning--road-narrows-left--g2,warning,126,0.3209177255630493,0.01447088923305273,0.12029501050710678,0.12924546003341675,0.6584568023681641
warning--road-narrows-right--g1,warning,53,0.24597011506557465,0.00834671687334776,0.09136036783456802,0.12082046270370483,0.5156874656677246
warning--road-narrows-right--g2,warning,132,0.310818076133728,0.010702078230679035,0.10345084965229034,0.11355400085449219,0.6697323322296143
warning--road-widens--g1,warning,55,0.30729731917381287,0.010458557866513729,0.10226709395647049,0.13001996278762817,0.6177552938461304
warning--road-widens-right--g1,warning,78,0.2923322916030884,0.0096820667386055,0.09839749336242676,0.11586177349090576,0.5494083166122437
warning--roadworks--g1,warning,344,0.2557012438774109,0.016958430409431458,0.1302245408296585,0.09042000770568848,0.7253090143203735
warning--roadworks--g2,warning,58,0.31490200757980347,0.009409042075276375,0.09700021892786026,0.16313034296035767,0.5507828593254089
warning--roadworks--g3,warning,98,0.23940014839172363,0.011104686185717583,0.10537877678871155,0.09547877311706543,0.5997829437255859
warning--roadworks--g4,warning,66,0.29413774609565735,0.01878974586725235,0.13707569241523743,0.1417052149772644,0.8165856599807739
warning--roadworks--g6,warning,15,0.20350892841815948,0.004759142640978098,0.06898654252290726,0.10557663440704346,0.37563443183898926
warning--roundabout--g1,warning,151,0.2096823900938034,0.013718882575631142,0.11712763458490372,0.08272600173950195,0.748640775680542
warning--roundabout--g25,warning,118,0.3459126651287079,0.015528242103755474,0.12461236864328384,0.13320297002792358,0.6744219064712524
warning--school-zone--g2,warning,256,0.3039698600769043,0.018987437710165977,0.13779491186141968,0.12050718069076538,0.7716332077980042
warning--shared-lane-motorcycles-bicycles--g1,warning,18,0.25524425506591797,0.00940978154540062,0.09700402617454529,0.14354586601257324,0.5039469003677368
warning--slippery-motorcycles--g1,warning,42,0.25870123505592346,0.007748669013381004,0.08802652359008789,0.10618835687637329,0.502281129360199
warning--slippery-road-surface--g1,warning,261,0.2172122746706009,0.010761304758489132,0.10373670607805252,0.08610796928405762,0.6653152704238892
warning--slippery-road-surface--g2,warning,240,0.32054421305656433,0.012475835159420967,0.11169527471065521,0.11886638402938843,0.685438871383667
warning--steep-ascent--g7,warning,78,0.28709208965301514,0.011561890132725239,0.10752622783184052,0.1176910400390625,0.6272449493408203
warning--stop-ahead--g9,warning,170,0.35518133640289307,0.009100149385631084,0.09539470076560974,0.1456151008605957,0.5947800874710083
warning--t-roads--g1,warning,36,0.24135416746139526,0.012295764870941639,0.11088626831769943,0.1164286732673645,0.6410169005393982
warning--t-roads--g2,warning,46,0.32265666127204895,0.018963878974318504,0.13770939409732819,0.16789960861206055,0.6391475200653076
warning--texts--g1,warning,166,0.25219306349754333,0.009119272232055664,0.09549488127231598,0.10338318347930908,0.5483500957489014
warning--texts--g2,warning,298,0.2562046945095062,0.013842368498444557,0.11765359342098236,0.08773386478424072,0.7104249000549316
warning--texts--g3,warning,170,0.29901957511901855,0.011189139448106289,0.10577873140573502,0.11773216724395752,0.6786320805549622
warning--traffic-merges-left--g1,warning,90,0.2905820608139038,0.013605494052171707,0.11664259433746338,0.1373581886291504,0.6125075817108154
warning--traffic-merges-left--g2,warning,20,0.21256132423877716,0.013502565212547779,0.1162005364894867,0.09459573030471802,0.510578453540802
warning--traffic-merges-right--g1,warning,254,0.2796667814254761,0.017468996345996857,0.13217033445835114,0.09948992729187012,0.7508231401443481
warning--traffic-merges-right--g2,warning,133,0.22294069826602936,0.010634094476699829,0.10312174260616302,0.10085713863372803,0.6893804669380188
warning--traffic-signals--g1,warning,206,0.24609437584877014,0.011133011430501938,0.1055130884051323,0.09217429161071777,0.6774367690086365
warning--traffic-signals--g2,warning,76,0.3396261930465698,0.006998950615525246,0.08365973085165024,0.1890406608581543,0.527955174446106
warning--traffic-signals--g3,warning,247,0.3226640224456787,0.015116428956389427,0.12294888496398926,0.12629163265228271,0.7187023162841797
warning--traffic-signals--g4,warning,21,0.30978313088417053,0.012506436556577682,0.11183217912912369,0.14620280265808105,0.5912730097770691
warning--trail-crossing--g2,warning,100,0.2759457528591156,0.028914911672472954,0.17004385590553284,0.11097729206085205,0.7900744080543518
warning--trams-crossing--g1,warning,34,0.24232584238052368,0.010829878970980644,0.10406670719385147,0.12656283378601074,0.65767502784729
warning--trucks-crossing--g1,warning,134,0.2934987246990204,0.012650205753743649,0.11247313022613525,0.1199755072593689,0.6806693077087402
warning--turn-left--g1,warning,126,0.3121897280216217,0.02352633699774742,0.15338297188282013,0.11935114860534668,0.7807360887527466
warning--turn-right--g1,warning,212,0.3340684175491333,0.016141453757882118,0.1270490139722824,0.12040191888809204,0.6838611364364624
warning--turn-right--g2,warning,28,0.22756651043891907,0.013167089782655239,0.11474794149398804,0.11053335666656494,0.678155243396759
warning--two-way-traffic--g1,warning,71,0.24350818991661072,0.010226205922663212,0.10112470388412476,0.10243189334869385,0.6919484734535217
warning--two-way-traffic--g2,warning,91,0.32023805379867554,0.014474433846771717,0.1203097403049469,0.13699519634246826,0.636857271194458
warning--uneven-road--g2,warning,46,0.3144092261791229,0.01014036312699318,0.10069937258958817,0.15004873275756836,0.5493755340576172
warning--uneven-road--g6,warning,122,0.23458577692508698,0.008967956528067589,0.09469929337501526,0.08169364929199219,0.5942719578742981
warning--uneven-roads-ahead--g1,warning,20,0.3323376476764679,0.00983476173132658,0.09917036443948746,0.17657923698425293,0.5610373616218567
warning--wild-animals--g1,warning,71,0.2267753928899765,0.0057511902414262295,0.07583659887313843,0.10159933567047119,0.5451585054397583
warning--wild-animals--g4,warning,43,0.35478466749191284,0.014064732939004898,0.11859482526779175,0.18555116653442383,0.6130925416946411
warning--winding-road-first-left--g1,warning,155,0.3196668028831482,0.015383182093501091,0.12402895838022232,0.13225972652435303,0.709316611289978
warning--winding-road-first-left--g2,warning,30,0.23197868466377258,0.012447281740605831,0.11156738549470901,0.11459016799926758,0.6257228851318359
warning--winding-road-first-right--g1,warning,136,0.28685927391052246,0.015122532844543457,0.12297371029853821,0.08739441633224487,0.6712691783905029
warning--winding-road-first-right--g3,warning,33,0.17981186509132385,0.006308573763817549,0.07942652702331543,0.0839928388595581,0.449637234210968
warning--wombat-crossing--g1,warning,45,0.35071760416030884,0.0075531224720180035,0.08690870553255081,0.21294432878494263,0.5512399673461914
warning--y-roads--g1,warning,50,0.33878886699676514,0.00966046005487442,0.09828764200210571,0.15560126304626465,0.5711850523948669
